-- phpMyAdmin SQL Dump
-- version 5.2.1
-- https://www.phpmyadmin.net/
--
-- Host: 127.0.0.1
-- Generation Time: Feb 20, 2026 at 02:04 PM
-- Server version: 10.4.32-MariaDB
-- PHP Version: 8.2.12

SET SQL_MODE = "NO_AUTO_VALUE_ON_ZERO";
START TRANSACTION;
SET time_zone = "+00:00";


/*!40101 SET @OLD_CHARACTER_SET_CLIENT=@@CHARACTER_SET_CLIENT */;
/*!40101 SET @OLD_CHARACTER_SET_RESULTS=@@CHARACTER_SET_RESULTS */;
/*!40101 SET @OLD_COLLATION_CONNECTION=@@COLLATION_CONNECTION */;
/*!40101 SET NAMES utf8mb4 */;

--
-- Database: `botb_tabulator`
--

-- --------------------------------------------------------

--
-- Table structure for table `bands`
--

CREATE TABLE `bands` (
  `id` int(11) NOT NULL,
  `name` varchar(150) NOT NULL,
  `round_id` int(11) NOT NULL,
  `performance_order` int(11) NOT NULL,
  `is_active` tinyint(1) DEFAULT 0,
  `created_at` timestamp NOT NULL DEFAULT current_timestamp()
) ENGINE=InnoDB DEFAULT CHARSET=utf8mb4 COLLATE=utf8mb4_unicode_ci;

--
-- Dumping data for table `bands`
--

INSERT INTO `bands` (`id`, `name`, `round_id`, `performance_order`, `is_active`, `created_at`) VALUES
(7, 'Buhawi', 1, 1, 0, '2026-02-20 00:33:49'),
(8, 'Ezra', 1, 2, 0, '2026-02-20 00:34:11'),
(9, 'Five Eight Thirty', 1, 3, 0, '2026-02-20 00:34:32'),
(11, '6th Haven', 1, 4, 0, '2026-02-20 00:36:04'),
(12, 'Where Abouts', 1, 5, 0, '2026-02-20 00:36:43'),
(13, 'Chopseuy Band', 1, 6, 0, '2026-02-20 00:37:25'),
(14, 'Fractured', 1, 7, 0, '2026-02-20 00:37:48'),
(15, '10tative', 1, 8, 0, '2026-02-20 00:47:18'),
(16, 'Damselflies', 1, 9, 0, '2026-02-20 00:54:52'),
(17, '5 of a Kind (5OAK)', 1, 10, 0, '2026-02-20 01:04:26'),
(18, 'Endorphins', 1, 11, 0, '2026-02-20 01:18:11'),
(19, 'Blackout', 1, 12, 0, '2026-02-20 01:39:56'),
(20, 'Gab&Gab', 1, 13, 0, '2026-02-20 01:46:02'),
(21, 'Ice Crim', 1, 14, 0, '2026-02-20 02:01:29'),
(22, '3111', 1, 15, 0, '2026-02-20 02:33:19'),
(23, 'This May', 1, 16, 0, '2026-02-20 03:29:51'),
(24, 'Apache', 1, 17, 0, '2026-02-20 05:19:01'),
(25, 'La Franzia', 1, 18, 0, '2026-02-20 05:20:14'),
(26, 'Nova', 1, 19, 0, '2026-02-20 05:35:29'),
(27, 'Tala', 1, 20, 0, '2026-02-20 05:56:45'),
(28, 'Night Shift', 1, 21, 0, '2026-02-20 06:33:54'),
(29, 'Sherwin', 1, 22, 0, '2026-02-20 06:39:03'),
(30, 'Scale 1 : Destruction', 1, 23, 0, '2026-02-20 06:49:55'),
(31, 'Soudaine', 1, 24, 0, '2026-02-20 06:50:24'),
(32, 'The Stargazer', 1, 25, 0, '2026-02-20 07:17:48'),
(33, 'Inbituin', 1, 26, 0, '2026-02-20 07:45:48'),
(34, 'Aretha Corales', 1, 27, 0, '2026-02-20 08:00:10'),
(35, 'Lampara', 1, 28, 0, '2026-02-20 08:32:22'),
(36, 'Liberty', 1, 29, 0, '2026-02-20 08:38:16'),
(37, 'JSMN', 1, 30, 0, '2026-02-20 08:48:38'),
(38, 'Luminous', 1, 31, 0, '2026-02-20 09:32:07');

-- --------------------------------------------------------

--
-- Table structure for table `criteria`
--

CREATE TABLE `criteria` (
  `id` int(11) NOT NULL,
  `round_id` int(11) NOT NULL,
  `name` varchar(100) NOT NULL,
  `weight` decimal(5,2) NOT NULL
) ENGINE=InnoDB DEFAULT CHARSET=utf8mb4 COLLATE=utf8mb4_unicode_ci;

--
-- Dumping data for table `criteria`
--

INSERT INTO `criteria` (`id`, `round_id`, `name`, `weight`) VALUES
(1, 1, 'Musicality', 50.00),
(2, 1, 'Originality', 30.00),
(3, 1, 'Stage Presence', 20.00),
(4, 2, 'Musicality', 30.00),
(5, 2, 'Creativity & Originality', 25.00),
(6, 2, 'Stage Presence & Audience Engagement', 20.00),
(7, 2, 'Overall Impact', 10.00),
(8, 2, 'Original Composition', 15.00);

-- --------------------------------------------------------

--
-- Table structure for table `rounds`
--

CREATE TABLE `rounds` (
  `id` int(11) NOT NULL,
  `name` enum('elimination','grand_finals') NOT NULL
) ENGINE=InnoDB DEFAULT CHARSET=utf8mb4 COLLATE=utf8mb4_unicode_ci;

--
-- Dumping data for table `rounds`
--

INSERT INTO `rounds` (`id`, `name`) VALUES
(1, 'elimination'),
(2, 'grand_finals');

-- --------------------------------------------------------

--
-- Table structure for table `scores`
--

CREATE TABLE `scores` (
  `id` int(11) NOT NULL,
  `judge_id` int(11) NOT NULL,
  `band_id` int(11) NOT NULL,
  `criteria_id` int(11) NOT NULL,
  `score` decimal(5,2) NOT NULL CHECK (`score` between 0 and 100),
  `is_finalized` tinyint(1) DEFAULT 0,
  `created_at` timestamp NOT NULL DEFAULT current_timestamp()
) ENGINE=InnoDB DEFAULT CHARSET=utf8mb4 COLLATE=utf8mb4_unicode_ci;

--
-- Dumping data for table `scores`
--

INSERT INTO `scores` (`id`, `judge_id`, `band_id`, `criteria_id`, `score`, `is_finalized`, `created_at`) VALUES
(59, 5, 7, 1, 48.00, 1, '2026-02-20 01:29:19'),
(60, 5, 7, 2, 20.00, 1, '2026-02-20 01:29:19'),
(61, 5, 7, 3, 20.00, 1, '2026-02-20 01:29:19'),
(62, 3, 7, 1, 40.00, 1, '2026-02-20 01:29:20'),
(63, 3, 7, 2, 25.00, 1, '2026-02-20 01:29:20'),
(64, 3, 7, 3, 18.00, 1, '2026-02-20 01:29:20'),
(65, 2, 7, 1, 40.00, 1, '2026-02-20 01:29:24'),
(66, 2, 7, 2, 25.00, 1, '2026-02-20 01:29:24'),
(67, 2, 7, 3, 20.00, 1, '2026-02-20 01:29:24'),
(68, 6, 7, 1, 50.00, 1, '2026-02-20 01:29:31'),
(69, 6, 7, 2, 23.00, 1, '2026-02-20 01:29:31'),
(70, 6, 7, 3, 17.00, 1, '2026-02-20 01:29:31'),
(71, 4, 7, 1, 42.00, 1, '2026-02-20 01:29:51'),
(72, 4, 7, 2, 23.00, 1, '2026-02-20 01:29:51'),
(73, 4, 7, 3, 20.00, 1, '2026-02-20 01:29:51'),
(74, 5, 8, 1, 40.00, 1, '2026-02-20 01:41:40'),
(75, 5, 8, 2, 28.00, 1, '2026-02-20 01:41:40'),
(76, 5, 8, 3, 15.00, 1, '2026-02-20 01:41:40'),
(77, 4, 8, 1, 42.00, 1, '2026-02-20 01:43:06'),
(78, 4, 8, 2, 22.00, 1, '2026-02-20 01:43:06'),
(79, 4, 8, 3, 18.00, 1, '2026-02-20 01:43:06'),
(80, 3, 8, 1, 38.00, 1, '2026-02-20 01:43:50'),
(81, 3, 8, 2, 28.00, 1, '2026-02-20 01:43:50'),
(82, 3, 8, 3, 18.00, 1, '2026-02-20 01:43:50'),
(83, 2, 8, 1, 37.00, 1, '2026-02-20 01:44:01'),
(84, 2, 8, 2, 23.00, 1, '2026-02-20 01:44:01'),
(85, 2, 8, 3, 15.00, 1, '2026-02-20 01:44:01'),
(86, 6, 8, 1, 43.00, 1, '2026-02-20 01:44:25'),
(87, 6, 8, 2, 25.00, 1, '2026-02-20 01:44:25'),
(88, 6, 8, 3, 18.00, 1, '2026-02-20 01:44:25'),
(89, 6, 9, 1, 48.00, 1, '2026-02-20 01:54:57'),
(90, 6, 9, 2, 28.00, 1, '2026-02-20 01:54:57'),
(91, 6, 9, 3, 20.00, 1, '2026-02-20 01:54:57'),
(92, 5, 9, 1, 45.00, 1, '2026-02-20 01:55:09'),
(93, 5, 9, 2, 26.00, 1, '2026-02-20 01:55:09'),
(94, 5, 9, 3, 20.00, 1, '2026-02-20 01:55:09'),
(95, 4, 9, 1, 45.00, 1, '2026-02-20 01:55:15'),
(96, 4, 9, 2, 29.00, 1, '2026-02-20 01:55:15'),
(97, 4, 9, 3, 20.00, 1, '2026-02-20 01:55:15'),
(98, 2, 9, 1, 45.00, 1, '2026-02-20 01:56:50'),
(99, 2, 9, 2, 28.00, 1, '2026-02-20 01:56:50'),
(100, 2, 9, 3, 20.00, 1, '2026-02-20 01:56:50'),
(101, 3, 9, 1, 45.00, 1, '2026-02-20 01:57:04'),
(102, 3, 9, 2, 28.00, 1, '2026-02-20 01:57:04'),
(103, 3, 9, 3, 18.00, 1, '2026-02-20 01:57:04'),
(104, 5, 11, 1, 46.00, 1, '2026-02-20 02:08:29'),
(105, 5, 11, 2, 28.00, 1, '2026-02-20 02:08:29'),
(106, 5, 11, 3, 17.00, 1, '2026-02-20 02:08:29'),
(107, 4, 11, 1, 47.00, 1, '2026-02-20 02:08:37'),
(108, 4, 11, 2, 29.00, 1, '2026-02-20 02:08:37'),
(109, 4, 11, 3, 18.00, 1, '2026-02-20 02:08:37'),
(110, 6, 11, 1, 50.00, 1, '2026-02-20 02:10:41'),
(111, 6, 11, 2, 30.00, 1, '2026-02-20 02:10:41'),
(112, 6, 11, 3, 18.00, 1, '2026-02-20 02:10:41'),
(113, 2, 11, 1, 47.00, 1, '2026-02-20 02:11:21'),
(114, 2, 11, 2, 30.00, 1, '2026-02-20 02:11:21'),
(115, 2, 11, 3, 18.00, 1, '2026-02-20 02:11:21'),
(116, 3, 11, 1, 45.00, 1, '2026-02-20 02:12:04'),
(117, 3, 11, 2, 28.00, 1, '2026-02-20 02:12:04'),
(118, 3, 11, 3, 19.00, 1, '2026-02-20 02:12:04'),
(119, 5, 12, 1, 42.00, 1, '2026-02-20 02:21:16'),
(120, 5, 12, 2, 25.00, 1, '2026-02-20 02:21:16'),
(121, 5, 12, 3, 15.00, 1, '2026-02-20 02:21:16'),
(122, 6, 12, 1, 42.00, 1, '2026-02-20 02:21:34'),
(123, 6, 12, 2, 25.00, 1, '2026-02-20 02:21:34'),
(124, 6, 12, 3, 15.00, 1, '2026-02-20 02:21:34'),
(125, 4, 12, 1, 47.00, 1, '2026-02-20 02:21:43'),
(126, 4, 12, 2, 25.00, 1, '2026-02-20 02:21:43'),
(127, 4, 12, 3, 17.00, 1, '2026-02-20 02:21:43'),
(128, 3, 12, 1, 38.00, 1, '2026-02-20 02:21:57'),
(129, 3, 12, 2, 25.00, 1, '2026-02-20 02:21:57'),
(130, 3, 12, 3, 19.00, 1, '2026-02-20 02:21:57'),
(131, 2, 12, 1, 47.00, 1, '2026-02-20 02:22:49'),
(132, 2, 12, 2, 26.00, 1, '2026-02-20 02:22:49'),
(133, 2, 12, 3, 13.00, 1, '2026-02-20 02:22:49'),
(134, 4, 13, 1, 48.00, 1, '2026-02-20 02:32:02'),
(135, 4, 13, 2, 29.00, 1, '2026-02-20 02:32:02'),
(136, 4, 13, 3, 19.00, 1, '2026-02-20 02:32:02'),
(137, 6, 13, 1, 48.00, 1, '2026-02-20 02:32:32'),
(138, 6, 13, 2, 30.00, 1, '2026-02-20 02:32:32'),
(139, 6, 13, 3, 20.00, 1, '2026-02-20 02:32:32'),
(140, 2, 13, 1, 47.00, 1, '2026-02-20 02:32:33'),
(141, 2, 13, 2, 29.00, 1, '2026-02-20 02:32:33'),
(142, 2, 13, 3, 20.00, 1, '2026-02-20 02:32:33'),
(143, 5, 13, 1, 45.00, 1, '2026-02-20 02:32:34'),
(144, 5, 13, 2, 27.00, 1, '2026-02-20 02:32:34'),
(145, 5, 13, 3, 18.00, 1, '2026-02-20 02:32:34'),
(146, 3, 13, 1, 45.00, 1, '2026-02-20 02:32:57'),
(147, 3, 13, 2, 28.00, 1, '2026-02-20 02:32:57'),
(148, 3, 13, 3, 19.00, 1, '2026-02-20 02:32:57'),
(149, 5, 14, 1, 42.00, 1, '2026-02-20 02:44:41'),
(150, 5, 14, 2, 27.00, 1, '2026-02-20 02:44:41'),
(151, 5, 14, 3, 15.00, 1, '2026-02-20 02:44:41'),
(152, 6, 14, 1, 45.00, 1, '2026-02-20 02:45:19'),
(153, 6, 14, 2, 28.00, 1, '2026-02-20 02:45:19'),
(154, 6, 14, 3, 15.00, 1, '2026-02-20 02:45:19'),
(155, 4, 14, 1, 46.00, 1, '2026-02-20 02:46:44'),
(156, 4, 14, 2, 28.00, 1, '2026-02-20 02:46:44'),
(157, 4, 14, 3, 18.00, 1, '2026-02-20 02:46:44'),
(158, 3, 14, 1, 45.00, 1, '2026-02-20 02:47:20'),
(159, 3, 14, 2, 28.00, 1, '2026-02-20 02:47:20'),
(160, 3, 14, 3, 17.00, 1, '2026-02-20 02:47:20'),
(161, 2, 14, 1, 45.00, 1, '2026-02-20 02:48:20'),
(162, 2, 14, 2, 30.00, 1, '2026-02-20 02:48:20'),
(163, 2, 14, 3, 17.00, 1, '2026-02-20 02:48:20'),
(164, 6, 15, 1, 43.00, 1, '2026-02-20 02:59:34'),
(165, 6, 15, 2, 26.00, 1, '2026-02-20 02:59:34'),
(166, 6, 15, 3, 15.00, 1, '2026-02-20 02:59:34'),
(167, 5, 15, 1, 45.00, 1, '2026-02-20 03:00:39'),
(168, 5, 15, 2, 26.00, 1, '2026-02-20 03:00:39'),
(169, 5, 15, 3, 18.00, 1, '2026-02-20 03:00:39'),
(170, 4, 15, 1, 46.00, 1, '2026-02-20 03:02:25'),
(171, 4, 15, 2, 27.00, 1, '2026-02-20 03:02:25'),
(172, 4, 15, 3, 19.00, 1, '2026-02-20 03:02:25'),
(173, 2, 15, 1, 47.00, 1, '2026-02-20 03:03:20'),
(174, 2, 15, 2, 28.00, 1, '2026-02-20 03:03:20'),
(175, 2, 15, 3, 18.00, 1, '2026-02-20 03:03:20'),
(176, 3, 15, 1, 45.00, 1, '2026-02-20 03:06:49'),
(177, 3, 15, 2, 26.00, 1, '2026-02-20 03:06:49'),
(178, 3, 15, 3, 19.00, 1, '2026-02-20 03:06:49'),
(179, 5, 16, 1, 45.00, 1, '2026-02-20 03:12:10'),
(180, 5, 16, 2, 25.00, 1, '2026-02-20 03:12:10'),
(181, 5, 16, 3, 17.00, 1, '2026-02-20 03:12:10'),
(182, 3, 16, 1, 45.00, 1, '2026-02-20 03:12:49'),
(183, 3, 16, 2, 25.00, 1, '2026-02-20 03:12:49'),
(184, 3, 16, 3, 17.00, 1, '2026-02-20 03:12:49'),
(185, 4, 16, 1, 45.00, 1, '2026-02-20 03:13:01'),
(186, 4, 16, 2, 27.00, 1, '2026-02-20 03:13:01'),
(187, 4, 16, 3, 19.00, 1, '2026-02-20 03:13:01'),
(188, 2, 16, 1, 43.00, 1, '2026-02-20 03:13:36'),
(189, 2, 16, 2, 23.00, 1, '2026-02-20 03:13:36'),
(190, 2, 16, 3, 17.00, 1, '2026-02-20 03:13:36'),
(191, 6, 16, 1, 43.00, 1, '2026-02-20 03:14:34'),
(192, 6, 16, 2, 25.00, 1, '2026-02-20 03:14:34'),
(193, 6, 16, 3, 15.00, 1, '2026-02-20 03:14:34'),
(194, 5, 17, 1, 41.00, 1, '2026-02-20 03:21:56'),
(195, 5, 17, 2, 25.00, 1, '2026-02-20 03:21:56'),
(196, 5, 17, 3, 15.00, 1, '2026-02-20 03:21:56'),
(197, 4, 17, 1, 42.00, 1, '2026-02-20 03:22:22'),
(198, 4, 17, 2, 23.00, 1, '2026-02-20 03:22:22'),
(199, 4, 17, 3, 17.00, 1, '2026-02-20 03:22:22'),
(200, 6, 17, 1, 42.00, 1, '2026-02-20 03:22:40'),
(201, 6, 17, 2, 23.00, 1, '2026-02-20 03:22:40'),
(202, 6, 17, 3, 15.00, 1, '2026-02-20 03:22:40'),
(203, 3, 17, 1, 38.00, 1, '2026-02-20 03:23:09'),
(204, 3, 17, 2, 27.00, 1, '2026-02-20 03:23:09'),
(205, 3, 17, 3, 15.00, 1, '2026-02-20 03:23:09'),
(206, 2, 17, 1, 30.00, 1, '2026-02-20 03:25:26'),
(207, 2, 17, 2, 25.00, 1, '2026-02-20 03:25:26'),
(208, 2, 17, 3, 18.00, 1, '2026-02-20 03:25:26'),
(209, 5, 18, 1, 45.00, 1, '2026-02-20 03:43:32'),
(210, 5, 18, 2, 25.00, 1, '2026-02-20 03:43:32'),
(211, 5, 18, 3, 15.00, 1, '2026-02-20 03:43:32'),
(212, 6, 18, 1, 46.00, 1, '2026-02-20 03:44:16'),
(213, 6, 18, 2, 28.00, 1, '2026-02-20 03:44:16'),
(214, 6, 18, 3, 20.00, 1, '2026-02-20 03:44:16'),
(215, 4, 18, 1, 44.00, 1, '2026-02-20 03:44:17'),
(216, 4, 18, 2, 27.00, 1, '2026-02-20 03:44:17'),
(217, 4, 18, 3, 17.00, 1, '2026-02-20 03:44:17'),
(218, 3, 18, 1, 46.00, 1, '2026-02-20 03:44:48'),
(219, 3, 18, 2, 27.00, 1, '2026-02-20 03:44:48'),
(220, 3, 18, 3, 18.00, 1, '2026-02-20 03:44:48'),
(221, 2, 18, 1, 47.00, 1, '2026-02-20 03:45:41'),
(222, 2, 18, 2, 28.00, 1, '2026-02-20 03:45:41'),
(223, 2, 18, 3, 17.00, 1, '2026-02-20 03:45:41'),
(224, 5, 19, 1, 42.00, 1, '2026-02-20 03:58:12'),
(225, 5, 19, 2, 25.00, 1, '2026-02-20 03:58:12'),
(226, 5, 19, 3, 15.00, 1, '2026-02-20 03:58:12'),
(227, 4, 19, 1, 44.00, 1, '2026-02-20 03:58:42'),
(228, 4, 19, 2, 27.00, 1, '2026-02-20 03:58:42'),
(229, 4, 19, 3, 20.00, 1, '2026-02-20 03:58:42'),
(230, 6, 19, 1, 45.00, 1, '2026-02-20 03:59:25'),
(231, 6, 19, 2, 25.00, 1, '2026-02-20 03:59:25'),
(232, 6, 19, 3, 15.00, 1, '2026-02-20 03:59:25'),
(233, 2, 19, 1, 49.00, 1, '2026-02-20 04:00:12'),
(234, 2, 19, 2, 25.00, 1, '2026-02-20 04:00:12'),
(235, 2, 19, 3, 20.00, 1, '2026-02-20 04:00:12'),
(236, 3, 19, 1, 42.00, 1, '2026-02-20 04:00:43'),
(237, 3, 19, 2, 23.00, 1, '2026-02-20 04:00:43'),
(238, 3, 19, 3, 15.00, 1, '2026-02-20 04:00:43'),
(239, 6, 20, 1, 42.00, 1, '2026-02-20 05:05:02'),
(240, 6, 20, 2, 24.00, 1, '2026-02-20 05:05:02'),
(241, 6, 20, 3, 15.00, 1, '2026-02-20 05:05:02'),
(242, 5, 20, 1, 45.00, 1, '2026-02-20 05:05:03'),
(243, 5, 20, 2, 25.00, 1, '2026-02-20 05:05:03'),
(244, 5, 20, 3, 15.00, 1, '2026-02-20 05:05:03'),
(245, 4, 20, 1, 47.00, 1, '2026-02-20 05:05:18'),
(246, 4, 20, 2, 28.00, 1, '2026-02-20 05:05:18'),
(247, 4, 20, 3, 18.00, 1, '2026-02-20 05:05:18'),
(248, 2, 20, 1, 49.00, 1, '2026-02-20 05:05:56'),
(249, 2, 20, 2, 26.00, 1, '2026-02-20 05:05:56'),
(250, 2, 20, 3, 19.00, 1, '2026-02-20 05:05:56'),
(251, 3, 20, 1, 45.00, 1, '2026-02-20 05:08:10'),
(252, 3, 20, 2, 27.00, 1, '2026-02-20 05:08:10'),
(253, 3, 20, 3, 17.00, 1, '2026-02-20 05:08:10'),
(254, 6, 21, 1, 48.50, 1, '2026-02-20 05:15:55'),
(255, 6, 21, 2, 27.50, 1, '2026-02-20 05:15:55'),
(256, 6, 21, 3, 18.50, 1, '2026-02-20 05:15:55'),
(257, 5, 21, 1, 41.00, 1, '2026-02-20 05:16:32'),
(258, 5, 21, 2, 25.00, 1, '2026-02-20 05:16:32'),
(259, 5, 21, 3, 15.00, 1, '2026-02-20 05:16:32'),
(260, 4, 21, 1, 46.00, 1, '2026-02-20 05:17:26'),
(261, 4, 21, 2, 29.00, 1, '2026-02-20 05:17:26'),
(262, 4, 21, 3, 20.00, 1, '2026-02-20 05:17:26'),
(263, 3, 21, 1, 46.00, 1, '2026-02-20 05:17:47'),
(264, 3, 21, 2, 28.00, 1, '2026-02-20 05:17:47'),
(265, 3, 21, 3, 18.00, 1, '2026-02-20 05:17:47'),
(266, 2, 21, 1, 48.00, 1, '2026-02-20 05:18:12'),
(267, 2, 21, 2, 30.00, 1, '2026-02-20 05:18:12'),
(268, 2, 21, 3, 18.00, 1, '2026-02-20 05:18:12'),
(269, 5, 22, 1, 45.00, 1, '2026-02-20 05:27:30'),
(270, 5, 22, 2, 27.00, 1, '2026-02-20 05:27:30'),
(271, 5, 22, 3, 18.00, 1, '2026-02-20 05:27:30'),
(272, 6, 22, 1, 48.50, 1, '2026-02-20 05:27:32'),
(273, 6, 22, 2, 28.00, 1, '2026-02-20 05:27:32'),
(274, 6, 22, 3, 19.00, 1, '2026-02-20 05:27:32'),
(275, 4, 22, 1, 47.00, 1, '2026-02-20 05:27:42'),
(276, 4, 22, 2, 29.00, 1, '2026-02-20 05:27:42'),
(277, 4, 22, 3, 18.00, 1, '2026-02-20 05:27:42'),
(278, 3, 22, 1, 43.00, 1, '2026-02-20 05:28:13'),
(279, 3, 22, 2, 26.00, 1, '2026-02-20 05:28:13'),
(280, 3, 22, 3, 17.00, 1, '2026-02-20 05:28:13'),
(281, 2, 22, 1, 44.00, 1, '2026-02-20 05:29:17'),
(282, 2, 22, 2, 28.00, 1, '2026-02-20 05:29:17'),
(283, 2, 22, 3, 20.00, 1, '2026-02-20 05:29:17'),
(284, 6, 23, 1, 43.00, 1, '2026-02-20 05:37:02'),
(285, 6, 23, 2, 26.00, 1, '2026-02-20 05:37:02'),
(286, 6, 23, 3, 19.00, 1, '2026-02-20 05:37:02'),
(287, 5, 23, 1, 47.00, 1, '2026-02-20 05:37:06'),
(288, 5, 23, 2, 29.00, 1, '2026-02-20 05:37:06'),
(289, 5, 23, 3, 19.00, 1, '2026-02-20 05:37:06'),
(290, 4, 23, 1, 47.00, 1, '2026-02-20 05:37:09'),
(291, 4, 23, 2, 28.00, 1, '2026-02-20 05:37:09'),
(292, 4, 23, 3, 20.00, 1, '2026-02-20 05:37:09'),
(293, 3, 23, 1, 46.00, 1, '2026-02-20 05:40:06'),
(294, 3, 23, 2, 26.00, 1, '2026-02-20 05:40:06'),
(295, 3, 23, 3, 18.00, 1, '2026-02-20 05:40:06'),
(296, 2, 23, 1, 49.00, 1, '2026-02-20 05:41:19'),
(297, 2, 23, 2, 29.00, 1, '2026-02-20 05:41:19'),
(298, 2, 23, 3, 20.00, 1, '2026-02-20 05:41:19'),
(299, 6, 24, 1, 41.00, 1, '2026-02-20 05:51:34'),
(300, 6, 24, 2, 25.00, 1, '2026-02-20 05:51:34'),
(301, 6, 24, 3, 16.00, 1, '2026-02-20 05:51:34'),
(302, 5, 24, 1, 48.00, 1, '2026-02-20 05:51:40'),
(303, 5, 24, 2, 27.00, 1, '2026-02-20 05:51:40'),
(304, 5, 24, 3, 15.00, 1, '2026-02-20 05:51:40'),
(305, 2, 24, 1, 46.00, 1, '2026-02-20 05:53:10'),
(306, 2, 24, 2, 27.00, 1, '2026-02-20 05:53:10'),
(307, 2, 24, 3, 19.00, 1, '2026-02-20 05:53:10'),
(308, 4, 24, 1, 44.00, 1, '2026-02-20 05:56:02'),
(309, 4, 24, 2, 25.00, 1, '2026-02-20 05:56:02'),
(310, 4, 24, 3, 18.00, 1, '2026-02-20 05:56:02'),
(311, 3, 24, 1, 47.00, 1, '2026-02-20 05:56:27'),
(312, 3, 24, 2, 27.00, 1, '2026-02-20 05:56:27'),
(313, 3, 24, 3, 18.00, 1, '2026-02-20 05:56:27'),
(314, 6, 25, 1, 48.70, 1, '2026-02-20 06:05:50'),
(315, 6, 25, 2, 27.90, 1, '2026-02-20 06:05:50'),
(316, 6, 25, 3, 18.00, 1, '2026-02-20 06:05:50'),
(317, 5, 25, 1, 40.00, 1, '2026-02-20 06:06:14'),
(318, 5, 25, 2, 25.00, 1, '2026-02-20 06:06:14'),
(319, 5, 25, 3, 17.00, 1, '2026-02-20 06:06:14'),
(320, 4, 25, 1, 45.00, 1, '2026-02-20 06:06:17'),
(321, 4, 25, 2, 29.00, 1, '2026-02-20 06:06:17'),
(322, 4, 25, 3, 18.00, 1, '2026-02-20 06:06:17'),
(323, 3, 25, 1, 40.00, 1, '2026-02-20 06:06:27'),
(324, 3, 25, 2, 25.00, 1, '2026-02-20 06:06:27'),
(325, 3, 25, 3, 18.00, 1, '2026-02-20 06:06:27'),
(326, 2, 25, 1, 43.00, 1, '2026-02-20 06:08:03'),
(327, 2, 25, 2, 25.00, 1, '2026-02-20 06:08:03'),
(328, 2, 25, 3, 20.00, 1, '2026-02-20 06:08:03'),
(329, 6, 26, 1, 47.30, 1, '2026-02-20 06:15:42'),
(330, 6, 26, 2, 26.20, 1, '2026-02-20 06:15:42'),
(331, 6, 26, 3, 16.00, 1, '2026-02-20 06:15:42'),
(332, 5, 26, 1, 45.00, 1, '2026-02-20 06:15:53'),
(333, 5, 26, 2, 28.00, 1, '2026-02-20 06:15:53'),
(334, 5, 26, 3, 18.00, 1, '2026-02-20 06:15:53'),
(335, 3, 26, 1, 47.00, 1, '2026-02-20 06:16:15'),
(336, 3, 26, 2, 28.00, 1, '2026-02-20 06:16:15'),
(337, 3, 26, 3, 15.00, 1, '2026-02-20 06:16:15'),
(338, 4, 26, 1, 46.00, 1, '2026-02-20 06:16:33'),
(339, 4, 26, 2, 28.00, 1, '2026-02-20 06:16:33'),
(340, 4, 26, 3, 18.00, 1, '2026-02-20 06:16:33'),
(341, 2, 26, 1, 48.00, 1, '2026-02-20 06:17:24'),
(342, 2, 26, 2, 22.00, 1, '2026-02-20 06:17:24'),
(343, 2, 26, 3, 18.00, 1, '2026-02-20 06:17:24'),
(344, 2, 27, 1, 43.00, 1, '2026-02-20 06:29:10'),
(345, 2, 27, 2, 24.00, 1, '2026-02-20 06:29:10'),
(346, 2, 27, 3, 18.00, 1, '2026-02-20 06:29:10'),
(347, 5, 27, 1, 45.00, 1, '2026-02-20 06:29:22'),
(348, 5, 27, 2, 28.00, 1, '2026-02-20 06:29:22'),
(349, 5, 27, 3, 19.00, 1, '2026-02-20 06:29:22'),
(350, 6, 27, 1, 36.00, 1, '2026-02-20 06:29:31'),
(351, 6, 27, 2, 24.00, 1, '2026-02-20 06:29:31'),
(352, 6, 27, 3, 15.00, 1, '2026-02-20 06:29:31'),
(353, 4, 27, 1, 47.00, 1, '2026-02-20 06:29:35'),
(354, 4, 27, 2, 27.00, 1, '2026-02-20 06:29:35'),
(355, 4, 27, 3, 18.00, 1, '2026-02-20 06:29:35'),
(356, 3, 27, 1, 45.00, 1, '2026-02-20 06:30:00'),
(357, 3, 27, 2, 26.00, 1, '2026-02-20 06:30:00'),
(358, 3, 27, 3, 18.00, 1, '2026-02-20 06:30:00'),
(359, 4, 28, 1, 48.00, 1, '2026-02-20 06:53:57'),
(360, 4, 28, 2, 28.00, 1, '2026-02-20 06:53:57'),
(361, 4, 28, 3, 19.00, 1, '2026-02-20 06:53:57'),
(362, 5, 28, 1, 48.00, 1, '2026-02-20 06:54:12'),
(363, 5, 28, 2, 29.00, 1, '2026-02-20 06:54:12'),
(364, 5, 28, 3, 19.00, 1, '2026-02-20 06:54:12'),
(365, 3, 28, 1, 48.00, 1, '2026-02-20 06:54:52'),
(366, 3, 28, 2, 28.00, 1, '2026-02-20 06:54:52'),
(367, 3, 28, 3, 19.00, 1, '2026-02-20 06:54:52'),
(368, 2, 28, 1, 48.00, 1, '2026-02-20 06:55:01'),
(369, 2, 28, 2, 28.00, 1, '2026-02-20 06:55:01'),
(370, 2, 28, 3, 20.00, 1, '2026-02-20 06:55:01'),
(371, 6, 28, 1, 48.00, 1, '2026-02-20 06:55:02'),
(372, 6, 28, 2, 28.00, 1, '2026-02-20 06:55:02'),
(373, 6, 28, 3, 19.00, 1, '2026-02-20 06:55:02'),
(374, 4, 29, 1, 47.00, 1, '2026-02-20 07:10:55'),
(375, 4, 29, 2, 28.00, 1, '2026-02-20 07:10:55'),
(376, 4, 29, 3, 19.00, 1, '2026-02-20 07:10:55'),
(377, 6, 29, 1, 47.70, 1, '2026-02-20 07:11:20'),
(378, 6, 29, 2, 27.00, 1, '2026-02-20 07:11:20'),
(379, 6, 29, 3, 17.00, 1, '2026-02-20 07:11:20'),
(380, 3, 29, 1, 47.00, 1, '2026-02-20 07:11:42'),
(381, 3, 29, 2, 27.00, 1, '2026-02-20 07:11:42'),
(382, 3, 29, 3, 19.00, 1, '2026-02-20 07:11:42'),
(383, 2, 29, 1, 45.00, 1, '2026-02-20 07:13:10'),
(384, 2, 29, 2, 27.00, 1, '2026-02-20 07:13:10'),
(385, 2, 29, 3, 19.00, 1, '2026-02-20 07:13:10'),
(386, 5, 29, 1, 46.00, 1, '2026-02-20 07:14:30'),
(387, 5, 29, 2, 26.00, 1, '2026-02-20 07:14:30'),
(388, 5, 29, 3, 18.00, 1, '2026-02-20 07:14:30'),
(389, 4, 30, 1, 42.00, 1, '2026-02-20 07:22:22'),
(390, 4, 30, 2, 23.00, 1, '2026-02-20 07:22:22'),
(391, 4, 30, 3, 20.00, 1, '2026-02-20 07:22:22'),
(392, 6, 30, 1, 35.00, 1, '2026-02-20 07:22:23'),
(393, 6, 30, 2, 22.00, 1, '2026-02-20 07:22:23'),
(394, 6, 30, 3, 13.00, 1, '2026-02-20 07:22:23'),
(395, 5, 30, 1, 45.00, 1, '2026-02-20 07:22:31'),
(396, 5, 30, 2, 20.00, 1, '2026-02-20 07:22:31'),
(397, 5, 30, 3, 15.00, 1, '2026-02-20 07:22:31'),
(398, 2, 30, 1, 38.00, 1, '2026-02-20 07:23:16'),
(399, 2, 30, 2, 19.00, 1, '2026-02-20 07:23:16'),
(400, 2, 30, 3, 18.00, 1, '2026-02-20 07:23:16'),
(401, 3, 30, 1, 35.00, 1, '2026-02-20 07:24:02'),
(402, 3, 30, 2, 20.00, 1, '2026-02-20 07:24:02'),
(403, 3, 30, 3, 15.00, 1, '2026-02-20 07:24:02'),
(404, 6, 31, 1, 43.00, 1, '2026-02-20 07:36:09'),
(405, 6, 31, 2, 23.00, 1, '2026-02-20 07:36:09'),
(406, 6, 31, 3, 16.00, 1, '2026-02-20 07:36:09'),
(407, 5, 31, 1, 44.00, 1, '2026-02-20 07:36:31'),
(408, 5, 31, 2, 27.00, 1, '2026-02-20 07:36:31'),
(409, 5, 31, 3, 15.00, 1, '2026-02-20 07:36:31'),
(410, 4, 31, 1, 46.00, 1, '2026-02-20 07:36:35'),
(411, 4, 31, 2, 26.00, 1, '2026-02-20 07:36:35'),
(412, 4, 31, 3, 19.00, 1, '2026-02-20 07:36:35'),
(413, 3, 31, 1, 45.00, 1, '2026-02-20 07:39:48'),
(414, 3, 31, 2, 28.00, 1, '2026-02-20 07:39:48'),
(415, 3, 31, 3, 16.00, 1, '2026-02-20 07:39:48'),
(416, 2, 31, 1, 42.00, 1, '2026-02-20 07:39:59'),
(417, 2, 31, 2, 23.00, 1, '2026-02-20 07:39:59'),
(418, 2, 31, 3, 18.00, 1, '2026-02-20 07:39:59'),
(419, 4, 32, 1, 40.00, 1, '2026-02-20 07:49:04'),
(420, 4, 32, 2, 28.00, 1, '2026-02-20 07:49:04'),
(421, 4, 32, 3, 17.00, 1, '2026-02-20 07:49:04'),
(422, 6, 32, 1, 40.00, 1, '2026-02-20 07:50:28'),
(423, 6, 32, 2, 24.00, 1, '2026-02-20 07:50:28'),
(424, 6, 32, 3, 15.00, 1, '2026-02-20 07:50:28'),
(425, 5, 32, 1, 41.00, 1, '2026-02-20 07:50:50'),
(426, 5, 32, 2, 25.00, 1, '2026-02-20 07:50:50'),
(427, 5, 32, 3, 15.00, 1, '2026-02-20 07:50:50'),
(428, 3, 32, 1, 43.00, 1, '2026-02-20 07:53:00'),
(429, 3, 32, 2, 26.00, 1, '2026-02-20 07:53:00'),
(430, 3, 32, 3, 18.00, 1, '2026-02-20 07:53:00'),
(431, 2, 32, 1, 34.00, 1, '2026-02-20 07:54:42'),
(432, 2, 32, 2, 23.00, 1, '2026-02-20 07:54:42'),
(433, 2, 32, 3, 17.00, 1, '2026-02-20 07:54:42'),
(434, 6, 33, 1, 46.00, 1, '2026-02-20 08:04:57'),
(435, 6, 33, 2, 27.40, 1, '2026-02-20 08:04:57'),
(436, 6, 33, 3, 16.20, 1, '2026-02-20 08:04:57'),
(437, 5, 33, 1, 41.00, 1, '2026-02-20 08:04:58'),
(438, 5, 33, 2, 27.00, 1, '2026-02-20 08:04:58'),
(439, 5, 33, 3, 17.00, 1, '2026-02-20 08:04:58'),
(440, 4, 33, 1, 45.00, 1, '2026-02-20 08:05:05'),
(441, 4, 33, 2, 25.00, 1, '2026-02-20 08:05:05'),
(442, 4, 33, 3, 17.00, 1, '2026-02-20 08:05:05'),
(443, 3, 33, 1, 46.00, 1, '2026-02-20 08:08:35'),
(444, 3, 33, 2, 25.00, 1, '2026-02-20 08:08:35'),
(445, 3, 33, 3, 18.00, 1, '2026-02-20 08:08:35'),
(446, 2, 33, 1, 42.00, 1, '2026-02-20 08:09:04'),
(447, 2, 33, 2, 27.00, 1, '2026-02-20 08:09:04'),
(448, 2, 33, 3, 17.00, 1, '2026-02-20 08:09:04'),
(449, 6, 34, 1, 39.30, 1, '2026-02-20 08:22:10'),
(450, 6, 34, 2, 22.70, 1, '2026-02-20 08:22:10'),
(451, 6, 34, 3, 14.70, 1, '2026-02-20 08:22:10'),
(452, 5, 34, 1, 43.00, 1, '2026-02-20 08:22:28'),
(453, 5, 34, 2, 26.00, 1, '2026-02-20 08:22:28'),
(454, 5, 34, 3, 16.00, 1, '2026-02-20 08:22:28'),
(455, 4, 34, 1, 45.00, 1, '2026-02-20 08:23:15'),
(456, 4, 34, 2, 23.00, 1, '2026-02-20 08:23:15'),
(457, 4, 34, 3, 16.00, 1, '2026-02-20 08:23:15'),
(458, 2, 34, 1, 39.00, 1, '2026-02-20 08:23:19'),
(459, 2, 34, 2, 24.00, 1, '2026-02-20 08:23:19'),
(460, 2, 34, 3, 13.00, 1, '2026-02-20 08:23:19'),
(461, 3, 34, 1, 40.00, 1, '2026-02-20 08:24:52'),
(462, 3, 34, 2, 25.00, 1, '2026-02-20 08:24:52'),
(463, 3, 34, 3, 15.00, 1, '2026-02-20 08:24:52'),
(464, 5, 35, 1, 48.00, 1, '2026-02-20 08:54:50'),
(465, 5, 35, 2, 28.00, 1, '2026-02-20 08:54:50'),
(466, 5, 35, 3, 19.00, 1, '2026-02-20 08:54:50'),
(467, 3, 35, 1, 46.00, 1, '2026-02-20 08:54:57'),
(468, 3, 35, 2, 27.00, 1, '2026-02-20 08:54:57'),
(469, 3, 35, 3, 18.00, 1, '2026-02-20 08:54:57'),
(470, 6, 35, 1, 48.70, 1, '2026-02-20 08:54:59'),
(471, 6, 35, 2, 27.70, 1, '2026-02-20 08:54:59'),
(472, 6, 35, 3, 18.80, 1, '2026-02-20 08:54:59'),
(473, 4, 35, 1, 47.00, 1, '2026-02-20 08:55:23'),
(474, 4, 35, 2, 28.00, 1, '2026-02-20 08:55:23'),
(475, 4, 35, 3, 19.00, 1, '2026-02-20 08:55:23'),
(476, 2, 35, 1, 46.00, 1, '2026-02-20 08:55:35'),
(477, 2, 35, 2, 27.00, 1, '2026-02-20 08:55:35'),
(478, 2, 35, 3, 17.00, 1, '2026-02-20 08:55:35'),
(479, 5, 36, 1, 45.00, 1, '2026-02-20 09:08:10'),
(480, 5, 36, 2, 25.00, 1, '2026-02-20 09:08:11'),
(481, 5, 36, 3, 15.00, 1, '2026-02-20 09:08:11'),
(482, 6, 36, 1, 41.30, 1, '2026-02-20 09:08:26'),
(483, 6, 36, 2, 26.30, 1, '2026-02-20 09:08:26'),
(484, 6, 36, 3, 15.50, 1, '2026-02-20 09:08:26'),
(485, 4, 36, 1, 46.00, 1, '2026-02-20 09:08:50'),
(486, 4, 36, 2, 28.00, 1, '2026-02-20 09:08:50'),
(487, 4, 36, 3, 16.00, 1, '2026-02-20 09:08:50'),
(488, 3, 36, 1, 40.00, 1, '2026-02-20 09:09:38'),
(489, 3, 36, 2, 25.00, 1, '2026-02-20 09:09:38'),
(490, 3, 36, 3, 15.00, 1, '2026-02-20 09:09:38'),
(491, 2, 36, 1, 43.00, 1, '2026-02-20 09:11:03'),
(492, 2, 36, 2, 27.00, 1, '2026-02-20 09:11:03'),
(493, 2, 36, 3, 18.00, 1, '2026-02-20 09:11:03'),
(494, 5, 37, 1, 46.00, 1, '2026-02-20 09:24:04'),
(495, 5, 37, 2, 27.00, 1, '2026-02-20 09:24:04'),
(496, 5, 37, 3, 15.00, 1, '2026-02-20 09:24:04'),
(497, 6, 37, 1, 40.00, 1, '2026-02-20 09:24:45'),
(498, 6, 37, 2, 25.70, 1, '2026-02-20 09:24:45'),
(499, 6, 37, 3, 15.50, 1, '2026-02-20 09:24:45'),
(500, 4, 37, 1, 46.00, 1, '2026-02-20 09:24:55'),
(501, 4, 37, 2, 27.00, 1, '2026-02-20 09:24:55'),
(502, 4, 37, 3, 16.00, 1, '2026-02-20 09:24:55'),
(503, 3, 37, 1, 45.00, 1, '2026-02-20 09:27:50'),
(504, 3, 37, 2, 25.00, 1, '2026-02-20 09:27:50'),
(505, 3, 37, 3, 15.00, 1, '2026-02-20 09:27:50'),
(506, 2, 37, 1, 40.00, 1, '2026-02-20 09:28:12'),
(507, 2, 37, 2, 24.00, 1, '2026-02-20 09:28:12'),
(508, 2, 37, 3, 16.00, 1, '2026-02-20 09:28:12'),
(509, 6, 38, 1, 39.30, 1, '2026-02-20 09:50:22'),
(510, 6, 38, 2, 27.60, 1, '2026-02-20 09:50:22'),
(511, 6, 38, 3, 14.70, 1, '2026-02-20 09:50:22'),
(512, 3, 38, 1, 44.00, 1, '2026-02-20 09:51:01'),
(513, 3, 38, 2, 25.00, 1, '2026-02-20 09:51:01'),
(514, 3, 38, 3, 16.00, 1, '2026-02-20 09:51:01'),
(515, 5, 38, 1, 40.00, 1, '2026-02-20 09:51:04'),
(516, 5, 38, 2, 25.00, 1, '2026-02-20 09:51:04'),
(517, 5, 38, 3, 16.00, 1, '2026-02-20 09:51:04'),
(518, 4, 38, 1, 41.00, 1, '2026-02-20 09:51:35'),
(519, 4, 38, 2, 26.00, 1, '2026-02-20 09:51:35'),
(520, 4, 38, 3, 17.00, 1, '2026-02-20 09:51:35'),
(521, 2, 38, 1, 34.00, 1, '2026-02-20 09:53:25'),
(522, 2, 38, 2, 25.00, 1, '2026-02-20 09:53:25'),
(523, 2, 38, 3, 14.00, 1, '2026-02-20 09:53:25');

-- --------------------------------------------------------

--
-- Table structure for table `settings`
--

CREATE TABLE `settings` (
  `setting_key` varchar(100) NOT NULL,
  `setting_value` text NOT NULL
) ENGINE=InnoDB DEFAULT CHARSET=utf8mb4 COLLATE=utf8mb4_unicode_ci;

--
-- Dumping data for table `settings`
--

INSERT INTO `settings` (`setting_key`, `setting_value`) VALUES
('event_subtitle', '118th Founding Anniversary / 28th Charter Day'),
('event_title', 'Battle of the Bands - NEUST 2026'),
('logo_left', '/BOB_SYSTEM/assets/image 23.png'),
('logo_right', '/BOB_SYSTEM/assets/Mask group.png'),
('logo_watermark', '/BOB_SYSTEM/assets/Mask group (1).png'),
('signatories', '[{\"name\":\"Rey John P. Aguilar, MSIT\",\"title\":\"Program and Technical Director\",\"fontSize\":11},{\"name\":\"Jomasel G. Savellano, MSIT\",\"title\":\"Committee Chair, Battle of the Bands\",\"fontSize\":11},{\"name\":\"Engr. Jeric R. Aduna, Ph.D.\",\"title\":\"Overall Commitee, Charter Day Celebration 2026\",\"fontSize\":11}]');

-- --------------------------------------------------------

--
-- Table structure for table `users`
--

CREATE TABLE `users` (
  `id` int(11) NOT NULL,
  `name` varchar(100) NOT NULL,
  `email` varchar(150) NOT NULL,
  `password` varchar(255) NOT NULL,
  `role` enum('admin','judge') NOT NULL,
  `created_at` timestamp NOT NULL DEFAULT current_timestamp()
) ENGINE=InnoDB DEFAULT CHARSET=utf8mb4 COLLATE=utf8mb4_unicode_ci;

--
-- Dumping data for table `users`
--

INSERT INTO `users` (`id`, `name`, `email`, `password`, `role`, `created_at`) VALUES
(1, 'System Admin', 'admin@botb.com', '$2y$12$0TnKH0tWk39JEOu.KDJJdODZgN3sr5v3J3E9UEI2xvNT2CdKwg1J2', 'admin', '2026-02-19 14:59:38'),
(2, 'Mr. Angelito Cunanan Jr.', 'gel@botb.com', '$2y$10$I9/PC5UjjTvJnTDUFDZj8ezH0H5PDotbRpTfBnAT2r96I4S6Uicb6', 'judge', '2026-02-19 15:07:01'),
(3, 'Mr. Christian Noli Tambio', 'noli@botb.com', '$2y$10$1lTUUYbjYmhgBEVqgZSZceIeM9i0.jS5JiBvgt4a6x7.C3k.3u4ci', 'judge', '2026-02-19 15:08:09'),
(4, 'Mr. Centrum Cantal', 'centrum@botb.com', '$2y$10$WcDzMEtWIYMEn/bCr2WkJ.8VtK20mbpUtqhYsHa0E9ydyBMkeNqY.', 'judge', '2026-02-19 15:09:13'),
(5, 'Mr. Mark Denver Manuel', 'denver@botb.com', '$2y$10$9YUNZ5OtRhT/or3VsTR6T.Ow4wr0L1doCB7UhKAxc/juedi66r9Q.', 'judge', '2026-02-19 15:10:44'),
(6, 'Mr. Almon Alegado', 'almon@botb.com', '$2y$10$kFzrEM1gPvoaIMdYNB3/f.0NEb52KhAYBrkhCn5I1NjS.tgObour6', 'judge', '2026-02-19 15:11:57');

--
-- Indexes for dumped tables
--

--
-- Indexes for table `bands`
--
ALTER TABLE `bands`
  ADD PRIMARY KEY (`id`),
  ADD KEY `round_id` (`round_id`);

--
-- Indexes for table `criteria`
--
ALTER TABLE `criteria`
  ADD PRIMARY KEY (`id`),
  ADD KEY `round_id` (`round_id`);

--
-- Indexes for table `rounds`
--
ALTER TABLE `rounds`
  ADD PRIMARY KEY (`id`),
  ADD UNIQUE KEY `name` (`name`);

--
-- Indexes for table `scores`
--
ALTER TABLE `scores`
  ADD PRIMARY KEY (`id`),
  ADD UNIQUE KEY `unique_score` (`judge_id`,`band_id`,`criteria_id`),
  ADD KEY `band_id` (`band_id`),
  ADD KEY `criteria_id` (`criteria_id`);

--
-- Indexes for table `settings`
--
ALTER TABLE `settings`
  ADD PRIMARY KEY (`setting_key`);

--
-- Indexes for table `users`
--
ALTER TABLE `users`
  ADD PRIMARY KEY (`id`),
  ADD UNIQUE KEY `email` (`email`);

--
-- AUTO_INCREMENT for dumped tables
--

--
-- AUTO_INCREMENT for table `bands`
--
ALTER TABLE `bands`
  MODIFY `id` int(11) NOT NULL AUTO_INCREMENT, AUTO_INCREMENT=39;

--
-- AUTO_INCREMENT for table `criteria`
--
ALTER TABLE `criteria`
  MODIFY `id` int(11) NOT NULL AUTO_INCREMENT, AUTO_INCREMENT=9;

--
-- AUTO_INCREMENT for table `rounds`
--
ALTER TABLE `rounds`
  MODIFY `id` int(11) NOT NULL AUTO_INCREMENT, AUTO_INCREMENT=3;

--
-- AUTO_INCREMENT for table `scores`
--
ALTER TABLE `scores`
  MODIFY `id` int(11) NOT NULL AUTO_INCREMENT, AUTO_INCREMENT=524;

--
-- AUTO_INCREMENT for table `users`
--
ALTER TABLE `users`
  MODIFY `id` int(11) NOT NULL AUTO_INCREMENT, AUTO_INCREMENT=7;

--
-- Constraints for dumped tables
--

--
-- Constraints for table `bands`
--
ALTER TABLE `bands`
  ADD CONSTRAINT `bands_ibfk_1` FOREIGN KEY (`round_id`) REFERENCES `rounds` (`id`) ON DELETE CASCADE;

--
-- Constraints for table `criteria`
--
ALTER TABLE `criteria`
  ADD CONSTRAINT `criteria_ibfk_1` FOREIGN KEY (`round_id`) REFERENCES `rounds` (`id`) ON DELETE CASCADE;

--
-- Constraints for table `scores`
--
ALTER TABLE `scores`
  ADD CONSTRAINT `scores_ibfk_1` FOREIGN KEY (`judge_id`) REFERENCES `users` (`id`) ON DELETE CASCADE,
  ADD CONSTRAINT `scores_ibfk_2` FOREIGN KEY (`band_id`) REFERENCES `bands` (`id`) ON DELETE CASCADE,
  ADD CONSTRAINT `scores_ibfk_3` FOREIGN KEY (`criteria_id`) REFERENCES `criteria` (`id`) ON DELETE CASCADE;
COMMIT;

/*!40101 SET CHARACTER_SET_CLIENT=@OLD_CHARACTER_SET_CLIENT */;
/*!40101 SET CHARACTER_SET_RESULTS=@OLD_CHARACTER_SET_RESULTS */;
/*!40101 SET COLLATION_CONNECTION=@OLD_COLLATION_CONNECTION */;
